{"0":{"_id":"Paris Rive-Gauche","nbIncidents":1.0},
"1":{"_id":"Paris Est","nbIncidents":9.0},
"2":{"_id":"Paris Austerlitz","nbIncidents":5.0},
"3":{"_id":"Paris Batignolles","nbIncidents":1.0},
"4":{"_id":"Paris Bercy","nbIncidents":11.0},
"5":{"_id":"Paris la Vilette","nbIncidents":1.0},
"6":{"_id":"Paris","nbIncidents":1.0},
"7":{"_id":"Paris Le Landy","nbIncidents":1.0},
"8":{"_id":"Paris Charolais","nbIncidents":1.0},
"9":{"_id":"Paris Montparnasse","nbIncidents":13.0},
"10":{"_id":"Paris Gare du Nord","nbIncidents":4.0},
"11":{"_id":"Paris Gare de Lyon","nbIncidents":8.0},
"12":{"_id":"Paris Ourcq","nbIncidents":1.0},
"13":{"_id":"Paris Saint-Lazare","nbIncidents":32.0},
"14":{"_id":"Paris Sud-Est","nbIncidents":2.0}}
