{"0":{"_id":"Dérive","nbIncidents":15.0},
"1":{"_id":"Départ sans autorisation","nbIncidents":7.0},
"2":{"_id":"Franchissement de signal","nbIncidents":6.0},
"3":{"_id":"Collision avec enfoncement de heurtoir","nbIncidents":4.0},
"4":{"_id":"Déraillement sans engagement de la voie principale","nbIncidents":3.0},
"5":{"_id":"Accident du travail","nbIncidents":2.0},
"6":{"_id":"Engagement de gabarit suite à désemparement de pièce","nbIncidents":2.0},
"7":{"_id":"Réception intempestive sur voie occupée","nbIncidents":2.0},
"8":{"_id":"Incendie dans un train","nbIncidents":2.0},
"9":{"_id":"Défaillance voie","nbIncidents":2.0}}
