{"0":{"_id":"Franchissement de signal","nbIncidents":94.0},
"1":{"_id":"Déraillement sans engagement de la voie principale","nbIncidents":75.0},
"2":{"_id":"Défaillance voie","nbIncidents":64.0},
"3":{"_id":"Talonnage d’aiguille ou bivoie","nbIncidents":40.0},
"4":{"_id":"Déraillement","nbIncidents":29.0},
"5":{"_id":"Raté de fermeture à un passage à niveau","nbIncidents":27.0},
"6":{"_id":"Réception intempestive sur voie occupée","nbIncidents":25.0},
"7":{"_id":"Incendie dans un train","nbIncidents":24.0},
"8":{"_id":"Dérive","nbIncidents":24.0},
"9":{"_id":"Porte ouverte en ligne","nbIncidents":24.0}}